Datetime,Water Level (m)
2025-12-22 00:00:00,-0.5937747
2025-12-22 01:00:00,-0.34206593
2025-12-22 02:00:00,-0.0832722
2025-12-22 03:00:00,0.108058944
2025-12-22 04:00:00,0.17676547
2025-12-22 05:00:00,0.096371725
2025-12-22 06:00:00,-0.101066284
2025-12-22 07:00:00,-0.3718736
2025-12-22 08:00:00,-0.64186263
2025-12-22 09:00:00,-0.83382714
2025-12-22 10:00:00,-0.8923979
2025-12-22 11:00:00,-0.79996586
2025-12-22 12:00:00,-0.56260973
2025-12-22 13:00:00,-0.228308
2025-12-22 14:00:00,0.14201286
2025-12-22 15:00:00,0.43962786
2025-12-22 16:00:00,0.59425604
2025-12-22 17:00:00,0.5906267
2025-12-22 18:00:00,0.41623437
2025-12-22 19:00:00,0.112874515
2025-12-22 20:00:00,-0.24682431
2025-12-22 21:00:00,-0.56166315
2025-12-22 22:00:00,-0.7624417
2025-12-22 23:00:00,-0.8124285
2025-12-23 00:00:00,-0.71106005
2025-12-23 01:00:00,-0.48669145
2025-12-23 02:00:00,-0.21321991
2025-12-23 03:00:00,0.023530606
2025-12-23 04:00:00,0.16050453
2025-12-23 05:00:00,0.16770625
2025-12-23 06:00:00,0.05035336
2025-12-23 07:00:00,-0.16932385
2025-12-23 08:00:00,-0.43528458
2025-12-23 09:00:00,-0.67977476
2025-12-23 10:00:00,-0.83787173
2025-12-23 11:00:00,-0.8578032
2025-12-23 12:00:00,-0.7133412
2025-12-23 13:00:00,-0.43379468
2025-12-23 14:00:00,-0.07022166
2025-12-23 15:00:00,0.28181937
2025-12-23 16:00:00,0.5208881
2025-12-23 17:00:00,0.60826725
2025-12-23 18:00:00,0.51504004
2025-12-23 19:00:00,0.27812466
2025-12-23 20:00:00,-0.054860894
2025-12-23 21:00:00,-0.38762268
2025-12-23 22:00:00,-0.6486922
2025-12-23 23:00:00,-0.78935695
2025-12-24 00:00:00,-0.78778064
2025-12-24 01:00:00,-0.637515
2025-12-24 02:00:00,-0.3949036
2025-12-24 03:00:00,-0.1283888
2025-12-24 04:00:00,0.08192561
2025-12-24 05:00:00,0.189466
2025-12-24 06:00:00,0.16289328
2025-12-24 07:00:00,0.011776819
2025-12-24 08:00:00,-0.21909432
2025-12-24 09:00:00,-0.48339736
2025-12-24 10:00:00,-0.7055125
2025-12-24 11:00:00,-0.81688684
2025-12-24 12:00:00,-0.78129476
2025-12-24 13:00:00,-0.5866874
2025-12-24 14:00:00,-0.291581
2025-12-24 15:00:00,0.059642993
2025-12-24 16:00:00,0.35660765
2025-12-24 17:00:00,0.5359619
2025-12-24 18:00:00,0.548544
2025-12-24 19:00:00,0.39555323
2025-12-24 20:00:00,0.12458733
2025-12-24 21:00:00,-0.2024562
2025-12-24 22:00:00,-0.5014008
2025-12-24 23:00:00,-0.7231786
2025-12-25 00:00:00,-0.81584615
2025-12-25 01:00:00,-0.7546427
2025-12-25 02:00:00,-0.58144915
2025-12-25 03:00:00,-0.33240196
2025-12-25 04:00:00,-0.076005526
2025-12-25 05:00:00,0.118942976
2025-12-25 06:00:00,0.19350906
2025-12-25 07:00:00,0.14216065
2025-12-25 08:00:00,-0.016122907
2025-12-25 09:00:00,-0.25453237
2025-12-25 10:00:00,-0.5015109
2025-12-25 11:00:00,-0.6917026
2025-12-25 12:00:00,-0.7589131
2025-12-25 13:00:00,-0.6796741
2025-12-25 14:00:00,-0.4640515
2025-12-25 15:00:00,-0.16868708
2025-12-25 16:00:00,0.14206485
2025-12-25 17:00:00,0.38614276
2025-12-25 18:00:00,0.49844766
2025-12-25 19:00:00,0.44454813
2025-12-25 20:00:00,0.25592154
2025-12-25 21:00:00,-0.017954947
2025-12-25 22:00:00,-0.32419503
2025-12-25 23:00:00,-0.60011053
2025-12-26 00:00:00,-0.7840038
2025-12-26 01:00:00,-0.8266515
2025-12-26 02:00:00,-0.7387259
2025-12-26 03:00:00,-0.5341674
2025-12-26 04:00:00,-0.27760777
2025-12-26 05:00:00,-0.024794934
2025-12-26 06:00:00,0.15035343
2025-12-26 07:00:00,0.20711419
2025-12-26 08:00:00,0.13932186
2025-12-26 09:00:00,-0.023613377
2025-12-26 10:00:00,-0.25338748
2025-12-26 11:00:00,-0.4761054
2025-12-26 12:00:00,-0.62821686
2025-12-26 13:00:00,-0.6640177
2025-12-26 14:00:00,-0.57090044
2025-12-26 15:00:00,-0.37212116
2025-12-26 16:00:00,-0.1103166
2025-12-26 17:00:00,0.15711883
2025-12-26 18:00:00,0.35391998
2025-12-26 19:00:00,0.41494069
2025-12-26 20:00:00,0.33101636
2025-12-26 21:00:00,0.14028077
2025-12-26 22:00:00,-0.120514974
2025-12-26 23:00:00,-0.41076103
2025-12-27 00:00:00,-0.6625018
2025-12-27 01:00:00,-0.8069614
2025-12-27 02:00:00,-0.8154169
2025-12-27 03:00:00,-0.7056457
2025-12-27 04:00:00,-0.50503826
2025-12-27 05:00:00,-0.24938443
2025-12-27 06:00:00,-0.0010443499
2025-12-27 07:00:00,0.15598965
2025-12-27 08:00:00,0.2190465
2025-12-27 09:00:00,0.1624957
2025-12-27 10:00:00,0.0037539594
2025-12-27 11:00:00,-0.20790732
2025-12-27 12:00:00,-0.40862045
2025-12-27 13:00:00,-0.5577558
2025-12-27 14:00:00,-0.5932995
2025-12-27 15:00:00,-0.511927
2025-12-27 16:00:00,-0.3385306
2025-12-27 17:00:00,-0.10710042
2025-12-27 18:00:00,0.12681058
2025-12-27 19:00:00,0.27849686
2025-12-27 20:00:00,0.31148136
2025-12-27 21:00:00,0.22101976
2025-12-27 22:00:00,0.053584564
2025-12-27 23:00:00,-0.19363871
2025-12-28 00:00:00,-0.46561068
